cleaning,cleaned_x,predicted_sentiment
queen bee syndrome iriana sebab runtuh raja joko widodo calon gibran rakabuming raka wakil presiden indonesia jaya jokowi raja jawa tahan mahkota jabat,queen bee syndrome iriana sebab runtuh raja joko widodo calon gibran rakabuming raka wakil presiden indonesia jaya jokowi raja jawa tahan mahkota jabat,negative
gibran pulang solo jumat siang jokowi malam minggu siang gibran jemput ps bandara dua rumah jokowi temu tutup rumah pribadi jokowi ps amp gibran info dpc dpd gerindra larang krn ps panggil menhan,gibran pulang solo jumat siang jokowi malam minggu siang gibran jemput bandara dua rumah jokowi temu tutup rumah pribadi jokowi amp gibran info dpc dpd gerindra larang krn panggil menhan,neutral
lengser jokowi resmi istana ikn gibran  tempat jaga waris bapak bener rocky gerung jokowi ga tobat klo fufufafa kantor ikn beneran ikn jin buang anak spt  jokowi bilang jokowi layak penjara,lengser jokowi resmi istana ikn gibran tempat jaga waris bapak bener rocky gerung jokowi tobat klo fufufafa kantor ikn beneran ikn jin buang anak spt jokowi bilang jokowi layak penjara,negative
momen debar jelang pensiun jokowi acara usaha hapus bukti gibran libat jejak fufufafa strategi hilang jejak tren istana a thread,momen debar jelang pensiun jokowi acara usaha hapus bukti gibran libat jejak fufufafa strategi hilang jejak tren istana thread,neutral
mahasiswa jaket kuning kepung dpr tolak gibran adil jokowi,mahasiswa jaket kuning kepung dpr tolak gibran adil jokowi,negative
jokowi mundur gibran wajib mundur gibran wapres ilegal,jokowi mundur gibran wajib mundur gibran wapres ilegal,negative
periode jokowi periode prabowo periode gibran oke gas oke gas,periode jokowi periode prabowo periode gibran oke gas oke gas,neutral
keluarga jokowi gibran mundur gak salah nih,keluarga jokowi gibran mundur gak salah nih,negative
prabowo undang menhan presiden pilih gibran rakyat wapres pilih jokowi patah bohong jilat jilat ga kompak sih,prabowo undang menhan presiden pilih gibran rakyat wapres pilih jokowi patah bohong jilat jilat kompak sih,negative
mahasiswa tanggal oktober turun tuntut adil jokowi gtgt jokowi hitung gibran ujung tanduk demo pekan lengkap tonton youtube ilc,mahasiswa tanggal oktober turun tuntut adil jokowi gtgt jokowi hitung gibran ujung tanduk demo pekan lengkap tonton youtube ilc,neutral
data lapor aja cek kpk valid gak gibran kaesang cuci uang jokowi mania udah maen lapor nyimpulin udah lapor bohong mending tunggu hasil kece kpk emang bohong gas lapor,data lapor aja cek kpk valid gak gibran kaesang cuci uang jokowi mania udah maen lapor nyimpulin udah lapor bohong mending tunggu hasil kece kpk emang bohong gas lapor,negative
menang formal prabowogibran menang simbolik joko widodo jokowi is indeed the real king hes the most powerful man in the country,menang formal prabowogibran menang simbolik joko widodo jokowi indeed the real king hes the most powerful man the country,positive
presiden pilih prabowo subianto bocor susun kabinet isi menteri era presiden joko widodo jokowi sampai acara bni investor daily summit,presiden pilih prabowo subianto bocor susun kabinet isi menteri era presiden joko widodo jokowi sampai acara bni investor daily summit,neutral
fix akun kaskus fufufafa resmi milik gibran rakabuming raka anak jokowi prabowo tahantahan ya oktober bulan,fix akun kaskus fufufafa resmi milik gibran rakabuming raka anak jokowi prabowo tahantahan oktober bulan,neutral
gempar jokowi gibran batal lantik pilih tidur solo hadir lantik prabowo,gempar jokowi gibran batal lantik pilih tidur solo hadir lantik prabowo,negative
emang ga cape nyerang bukti periode laku yamg hasil lengserin makziulkan seret jokowi purna tugas ganti prabowo gibran dah ah lihat raut bahagia aja,emang cape nyerang bukti periode laku yamg hasil lengserin makziulkan seret jokowi purna tugas ganti prabowo gibran dah lihat raut bahagia aja,negative
pro kontra siswi smp kritik jokowi amp gibran ujung lapor serang netizen,pro kontra siswi smp kritik jokowi amp gibran ujung lapor serang netizen,negative
gtgt jokowi hitung gibran ujung tanduk demo pekan lengkap tonton youtube ilc,gtgt jokowi hitung gibran ujung tanduk demo pekan lengkap tonton youtube ilc,neutral
langgar konstitusi langgar atur debat langgar netralitas aparat langgar integritas jabat pakai beras bulog kampanye ya kabinet jokowi abdi utk prabobrogibran labrak terusselagi kuasa,langgar konstitusi langgar atur debat langgar netralitas aparat langgar integritas jabat pakai beras bulog kampanye kabinet jokowi abdi utk prabobrogibran labrak terusselagi kuasa,negative
ikn ikat keluarga nebeng akan kaesang rasa mewah nebeng jet pribadi ikut jejak jokowi nebeng pdip gibran nebeng mk sukses lepas nebeng a thread,ikn ikat keluarga nebeng akan kaesang rasa mewah nebeng jet pribadi ikut jejak jokowi nebeng pdip gibran nebeng sukses lepas nebeng thread,neutral
amien rais mulyonojokowi presiden buruk milik bangsa indonesia oktober prabowo gibran apaapa lantik oktober gera rakyat jebol gibran si tolol si fufufafa penting seret mulyono,amien rais mulyonojokowi presiden buruk milik bangsa indonesia oktober prabowo gibran apaapa lantik oktober gera rakyat jebol gibran tolol fufufafa penting seret mulyono,positive
majelis hakim mahkamah konstitusi libat presiden jokowi putus mk nomor lolos gibran rakabuming raka bukti papar hakim mk arief hidayat putus mkmk nomor,majelis hakim mahkamah konstitusi libat presiden jokowi putus nomor lolos gibran rakabuming raka bukti papar hakim arief hidayat putus mkmk nomor,negative
mulyono keluarga tweet kulit koran hong kong south china morning post politik dinasti nepotisme tabrak konstitusi laku ipar mk gratifikasi nikmat keluarga,mulyono keluarga tweet kulit koran hong kong south china morning post politik dinasti nepotisme tabrak konstitusi laku ipar gratifikasi nikmat keluarga,positive
 hina anak cucu suharto bukti fufufafa gibran ga gibran rakabuming neraka jokowi keluarga jilat lu ded karma hukum orang  bejad moral,hina anak cucu suharto bukti fufufafa gibran gibran rakabuming neraka jokowi keluarga jilat ded karma hukum orang bejad moral,positive
nggak bayang gimana caleg gerindra contoh ahmad dhani konstituen antijokowi suara lanjut bangun jokowi dukung gibran,nggak bayang gimana caleg gerindra contoh ahmad dhani konstituen antijokowi suara lanjut bangun jokowi dukung gibran,positive
gak alas elak udah teralalu terang bukti fufufafa gibran anak jokowi saran kalo ketemu prabowo pake helm full face aja mas ye,gak alas elak udah teralalu terang bukti fufufafa gibran anak jokowi saran kalo ketemu prabowo pake helm full face aja mas,neutral
prabowo jemput wakil presiden pilih gibran rakabuming raka bandara adi soemarmo rumah presiden jokowi mobil alphard putih,prabowo jemput wakil presiden pilih gibran rakabuming raka bandara adi soemarmo rumah presiden jokowi mobil alphard putih,neutral
tweet sambut datang presiden pilih prabowo subianto bandara berangkat mobil diam presiden isu renggang isu receh  gulir orang  gak suka rukun,tweet sambut datang presiden pilih prabowo subianto bandara berangkat mobil diam presiden isu renggang isu receh gulir orang gak suka rukun,negative
kuak aktivitas akun fufufafa kaskus presiden jokowi kabar laba lengser orangorang percaya jokowi coba manuver aman gibran rakabuming raka wakil presiden pilih,kuak aktivitas akun fufufafa kaskus presiden jokowi kabar laba lengser orangorang percaya jokowi coba manuver aman gibran rakabuming raka wakil presiden pilih,negative
juta data npwp diperjualbelikan harga juta rupiah data  bocor nik npwp alamat no hp email dll npwp milik jokowi gibran kaesang menkominfo sri mulyani amp menteri bocor sampel  laku,juta data npwp diperjualbelikan harga juta rupiah data bocor nik npwp alamat email dll npwp milik jokowi gibran kaesang menkominfo sri mulyani amp menteri bocor sampel laku,neutral
manuver jokowi aman gibran jelang lengser kursi presiden jokowi tengara aman posisi gibran rakabuming raka wakil presiden pilih tolak lantik mekanisme tetap mpr simak lengkap program bocor alus politik channel,manuver jokowi aman gibran jelang lengser kursi presiden jokowi tengara aman posisi gibran rakabuming raka wakil presiden pilih tolak lantik mekanisme tetap mpr simak lengkap program bocor alus politik channel,positive
gibran layak lantik oktober satria naufal koordinator pusat bem indonesia gtgt jokowi hitung gibran ujung tanduk demo pekan tonton youtube ilc,gibran layak lantik oktober satria naufal koordinator pusat bem indonesia gtgt jokowi hitung gibran ujung tanduk demo pekan tonton youtube ilc,neutral
ngomongin politik dinasti lemah gibran jokowi mesti coba maen yogya udah ajar nrimo politik dinasti orok,ngomongin politik dinasti lemah gibran jokowi mesti coba maen yogya udah ajar nrimo politik dinasti orok,negative
prabowo gibran temu presiden jokowi solo bahas bahas urus negara pasti jakarta duga bahas fufufafa titip menteri,prabowo gibran temu presiden jokowi solo bahas bahas urus negara pasti jakarta duga bahas fufufafa titip menteri,negative
balik klaim aku publik presiden jokowi aktif bangun strategi skenario duet prabowo subianto anak gibran rakabuming raka,balik klaim aku publik presiden jokowi aktif bangun strategi skenario duet prabowo subianto anak gibran rakabuming raka,negative
barkaca presidenpresiden nggak masuk adil amp penjara gtgt gtgt jokowi hitung gibran ujung tanduk demo pekan lengkap tonton youtube ilc,barkaca presidenpresiden nggak masuk adil amp penjara gtgt gtgt jokowi hitung gibran ujung tanduk demo pekan lengkap tonton youtube ilc,neutral
lantik presiden wapres tweet kaum iq amp mules diare,lantik presiden wapres tweet kaum amp mules diare,neutral
breaking news final resmi akun fufufafa gibran rakabuming alias tweet gak pake anak mulyono aman delik tangkap telak jejak digital akun fufufafa aku anak jokowi terimakasih andi arief,breaking news final resmi akun fufufafa gibran rakabuming alias tweet gak pake anak mulyono aman delik tangkap telak jejak digital akun fufufafa aku anak jokowi terimakasih andi arief,neutral
sungguh tarik anak mantu presiden jokowi jabat bikin bangga rakyat indonesia gibran wapres kaesang gubernur dki bobby gubernur sumut erina bupati sleman kahiyang walikota medan selvi walikota solo keren,sungguh tarik anak mantu presiden jokowi jabat bikin bangga rakyat indonesia gibran wapres kaesang gubernur dki bobby gubernur sumut erina bupati sleman kahiyang walikota medan selvi walikota solo keren,positive
jokowi maling apbn t gibran kaesang lapor duga kkn tppu bobby maling ekspor nikel ilegal juta ton kahiyang libat korupsi urus iup halmahera touchable lengser jokowi cepat,jokowi maling apbn gibran kaesang lapor duga kkn tppu bobby maling ekspor nikel ilegal juta ton kahiyang libat korupsi urus iup halmahera touchable lengser jokowi cepat,negative
keluarga jokowi gibran mundur gak salah dengar niih,keluarga jokowi gibran mundur gak salah dengar niih,negative
pas duet prabowo ganjar gagal krn ga ad  ngalah jd cawapres jokowi dukung ganjar hati pdip bener pisah pas ganjar nolak pildun u kmrn asli jauh jokowi krn marah pildun u gagal gitu jg gibran,pas duet prabowo ganjar gagal krn ngalah cawapres jokowi dukung ganjar hati pdip bener pisah pas ganjar nolak pildun kmrn asli jauh jokowi krn marah pildun gagal gitu gibran,negative
jokowi hadir lantik prabowo senayan malu fufufafa wapresnya gibran,jokowi hadir lantik prabowo senayan malu fufufafa wapresnya gibran,negative
gibran anak presiden prabowo manja prabowo nama jokowi dulang suara jokowi lengser gibran sosok identik jokowi  lempar asbak teman opini jokowi komitmen,gibran anak presiden prabowo manja prabowo nama jokowi dulang suara jokowi lengser gibran sosok identik jokowi lempar asbak teman opini jokowi komitmen,negative
jelang senjakala kuasa sukses cawe pilpres menang gibran anak jokowi cawe pilkada pilkada maju september kuasa,jelang senjakala kuasa sukses cawe pilpres menang gibran anak jokowi cawe pilkada pilkada maju september kuasa,positive
prabowo sempat temu jokowi jam tani wapres pilih gibran kirakira diskusi ya lintas pikir jokowi pamit hadir lantik mega tenang hadir lantik hehehe,prabowo sempat temu jokowi jam tani wapres pilih gibran kirakira diskusi lintas pikir jokowi pamit hadir lantik mega tenang hadir lantik hehehe,negative
presiden jokowi widodo menhan prabowo subianto indonesia nampak garang mata dunia moga prabowogibran indonesia jd negara adidaya  mbantah,presiden jokowi widodo menhan prabowo subianto indonesia nampak garang mata dunia moga prabowogibran indonesia negara adidaya mbantah,negative
ya  pilih gibran mah kayak berani ato serakah hahahahha lindung penting lha gibran ngelola usaha rugi bisnis gibran gulung tikar daftar,pilih gibran mah kayak berani ato serakah hahahahha lindung penting lha gibran ngelola usaha rugi bisnis gibran gulung tikar daftar,positive
wapres pilih gibran rakabuming aku peran presiden jokowi susun kabinet prabowo muka minimal cuci muka ketemu wartawan,wapres pilih gibran rakabuming aku peran presiden jokowi susun kabinet prabowo muka minimal cuci muka ketemu wartawan,negative
undang buka oktober kumpul balai sudirman amp dpr adil jokowi amp lantik gibran,undang buka oktober kumpul balai sudirman amp dpr adil jokowi amp lantik gibran,neutral
tanda kereta prabowo jokowi hindar bssn kaesang konfirmasi akun fufufafa milik gibran aura tegang hindar ya moga lantik prabowo jalan aja tdk tau rencana jokowi,tanda kereta prabowo jokowi hindar bssn kaesang konfirmasi akun fufufafa milik gibran aura tegang hindar moga lantik prabowo jalan aja tdk tau rencana jokowi,negative
udah kangen berat amp nanyain gibran rakabuming mana aja bencibenci asline rindu frame prabowo jokowi maruuf amiin negara iriana mayted dll tinggal wapres ri generasi milleneals,udah kangen berat amp nanyain gibran rakabuming mana aja bencibenci asline rindu frame prabowo jokowi maruuf amiin negara iriana mayted dll tinggal wapres generasi milleneals,negative
jempol pencawapresan gibran negara iriana jokowi sutradara dorong gibran terus jokowi jengggg,jempol pencawapresan gibran negara iriana jokowi sutradara dorong gibran terus jokowi jengggg,positive
wakil presiden wapres pilih gibran rakabuming raka susun kabinet perintah rampung aku libat presiden joko widodo jokowi susun kabinet presiden ri pilih prabowo subianto periode simak,wakil presiden wapres pilih gibran rakabuming raka susun kabinet perintah rampung aku libat presiden joko widodo jokowi susun kabinet presiden pilih prabowo subianto periode simak,negative
fufufafa internal prabowo gejolak mayoritas marah gibran konfirmasi kaesang akun milik gibran rakabuming raka jokowi laba bssn kominfo istana ngurusin fufufafa,fufufafa internal prabowo gejolak mayoritas marah gibran konfirmasi kaesang akun milik gibran rakabuming raka jokowi laba bssn kominfo istana ngurusin fufufafa,negative
presiden pilih ri makan malam diskusi presiden tukar pikir kait penting negara bangsa rakyat indonesia,presiden pilih makan malam diskusi presiden tukar pikir kait penting negara bangsa rakyat indonesia,neutral
wajar jokowi jenguk abdee slank slank slankersnya totalitas dukung jokowi value anti orba nepotisme korupsi presiden kalang rakyat elit taat konstitusi dukung gibran,wajar jokowi jenguk abdee slank slank slankersnya totalitas dukung jokowi value anti orba nepotisme korupsi presiden kalang rakyat elit taat konstitusi dukung gibran,negative
sudah politik peristiwa propaganda prabowo jemput gibran bandara antar temu jokowi teknik propaganda tampil layar dukung fyi,sudah politik peristiwa propaganda prabowo jemput gibran bandara antar temu jokowi teknik propaganda tampil layar dukung fyi,negative
rakyat gibran beneran anak presiden jokowi bingung,rakyat gibran beneran anak presiden jokowi bingung,negative
engga peluang gibranjokowi engga sah atur adartnya partai golkar syarat penuh aktif terus anggota partai golkar sekurangkurangnya anggota partai politik orang,engga peluang gibranjokowi engga sah atur adartnya partai golkar syarat penuh aktif terus anggota partai golkar sekurangkurangnya anggota partai politik orang,positive
intip indah arsitektur masjid raya syeikh zayed solo besok resmi presiden jokowi putra mahkota uni emirat arab sheikh mohammed bin zayed al nahyan,intip indah arsitektur masjid raya syeikh zayed solo besok resmi presiden jokowi putra mahkota uni emirat arab sheikh mohammed bin zayed nahyan,positive
opini gambar panik blunder gibran keluarga jokowi rakyat fufufafa gibran psi kaesang gibran ban apa fufufafa,opini gambar panik blunder gibran keluarga jokowi rakyat fufufafa gibran psi kaesang gibran ban apa fufufafa,negative
bahlil perintah prabowogibran lanjut perintah jokowimaruf amin paten raja jawa mainmain celaka kasih aja cobacoba main barang ngeringeri sedap,bahlil perintah prabowogibran lanjut perintah jokowimaruf amin paten raja jawa mainmain celaka kasih aja cobacoba main barang ngeringeri sedap,neutral
gibran selundup cawapres prabowo paman mk paham jokowi dukung prabowo apa  jokowi kejut jokowi bicara netralitas netral kah,gibran selundup cawapres prabowo paman paham jokowi dukung prabowo apa jokowi kejut jokowi bicara netralitas netral kah,negative
takut undang podcastnya pandji kaesang ngelesnya umroh umroh gak kelar marshel bilang abang prabowo gibran jokowi mentok podcast deddy corbuzier bahas santai aja,takut undang podcastnya pandji kaesang ngelesnya umroh umroh gak kelar marshel bilang abang prabowo gibran jokowi mentok podcast deddy corbuzier bahas santai aja,negative
ucap jokowi presiden kampanye pihak kian picu gejolak internal kabinet indikasi solid menteri afiliasi caprescawapres prabowogibran disebutsebut gerah berancangancang,ucap jokowi presiden kampanye pihak kian picu gejolak internal kabinet indikasi solid menteri afiliasi caprescawapres prabowogibran disebutsebut gerah berancangancang,neutral
foto wisuda ugm mas orangtuanya blm lihat foto pk wisuda ugm orangtuanya ya lazim banget kalo anak ugm tweet aja deh bran foto wisuda orangtuamu aja wisuda,foto wisuda ugm mas orangtuanya blm lihat foto wisuda ugm orangtuanya lazim banget kalo anak ugm tweet aja deh bran foto wisuda orangtuamu aja wisuda,neutral
rencana upacara annya jakarta ikn ikn jokowi prabowo jakarta ma aruf gibran  upacara ikn engga nginep pp pulang pergi datengupacarapulang gokil,rencana upacara annya jakarta ikn ikn jokowi prabowo jakarta aruf gibran upacara ikn engga nginep pulang pergi datengupacarapulang gokil,neutral
team khianat praboro khianat dukung setia gibran khianat kpd pdip bobby khianat pdip jokowi khianat bu mega anwar usman khianat kpd konstitusi budiman khianat aktivis buzzernya khianat,team khianat praboro khianat dukung setia gibran khianat kpd pdip bobby khianat pdip jokowi khianat mega anwar usman khianat kpd konstitusi budiman khianat aktivis buzzernya khianat,positive
jokowi sukses pelihara miskin karir anak jokowi andil menang prabowogibran anak pilpres andai jokowi prabowo anak macan hujan gigil jokowi libat,jokowi sukses pelihara miskin karir anak jokowi andil menang prabowogibran anak pilpres andai jokowi prabowo anak macan hujan gigil jokowi libat,negative
bansos efektif kerek suara prabowogibran matimatian sokong jokowi dampak serius imbas ekonomi nasional,bansos efektif kerek suara prabowogibran matimatian sokong jokowi dampak serius imbas ekonomi nasional,neutral
sbg gerak literasi miris laku gibran idap lain psikologis video bawah mjd bukti alangkah nista indonesia pimpin bocil psikopat kek gin,sbg gerak literasi miris laku gibran idap lain psikologis video bawah mjd bukti alangkah nista indonesia pimpin bocil psikopat kek gin,neutral
besok pimpin mpr undang lantik presiden prabowo jokowi maruf gibran,besok pimpin mpr undang lantik presiden prabowo jokowi maruf gibran,negative
paham anies umum salah timbang trauma berat bu mega khianat kader jokowi gibran bobby khianat kalo kader pasti usung komitmen,paham anies umum salah timbang trauma berat mega khianat kader jokowi gibran bobby khianat kalo kader pasti usung komitmen,negative
jokowi turun gunung naik coba elektabilitas prabowogibran kunjung tembus persen laku,jokowi turun gunung naik coba elektabilitas prabowogibran kunjung tembus persen laku,neutral
kenang sblm milu milu presiden jokowi pasang pasang prabowo ganjar sdh berikutx gp ri tp dgn angkuh bu mega gagal total naik gibran itung kader pdip mnurut jokowi,kenang sblm milu milu presiden jokowi pasang pasang prabowo ganjar sdh berikutx dgn angkuh mega gagal total naik gibran itung kader pdip mnurut jokowi,negative
mulia ratu iriana acara bocor alus tempo gibran calon wakil presiden iri kesal megawati malu jokowi hadap kader pdi juang pdip jokowi,mulia ratu iriana acara bocor alus tempo gibran calon wakil presiden iri kesal megawati malu jokowi hadap kader pdi juang pdip jokowi,negative
cc tweet paman usman,tweet paman usman,neutral
gibran duplikat jokowi gilbran balik fakta sebenernya,gibran duplikat jokowi gilbran balik fakta sebenernya,negative
yth bpk pres sy henyak baca artikel jk kompas hilir bpk  jg jd narasi utama capres amp tweet ban mantan wakil dgn data ukur  hrs percaya binsar,yth bpk pres henyak baca artikel kompas hilir bpk narasi utama capres amp tweet ban mantan wakil dgn data ukur hrs percaya binsar,negative
 drama rakyat nalar waras keluarga bingung jumawa lupa ngaca jelasjelas putra gibran cawapres ilegal nunjuk orang drakor rakyat,drama rakyat nalar waras keluarga bingung jumawa lupa ngaca jelasjelas putra gibran cawapres ilegal nunjuk orang drakor rakyat,negative
gibran cawapres boneka cawapres pamer gagas pamer pertamatama salut gibran berani sikap lumrah cawapres pamer ideide gagas gibran bangga pamer,gibran cawapres boneka cawapres pamer gagas pamer pertamatama salut gibran berani sikap lumrah cawapres pamer ideide gagas gibran bangga pamer,positive
saksi ketua tim it bpn prabowosandi bhw laku curang jokowi kalah prabowo persis dg laku curang prabowogibran atur angka oleh suara dpt bhw tdk hasil krn c lengkap,saksi ketua tim bpn prabowosandi bhw laku curang jokowi kalah prabowo persis laku curang prabowogibran atur angka oleh suara dpt bhw tdk hasil krn lengkap,negative
jokowi cemas gibran acuh,jokowi cemas gibran acuh,negative
fufufafa gtgt jokowi hitung gibran ujung tanduk demo pekan lengkap tonton youtube ilc,fufufafa gtgt jokowi hitung gibran ujung tanduk demo pekan lengkap tonton youtube ilc,neutral
suka banget kompak prabowo mas gibran optimis pimpin negarawan beda generasi bawa indonesia maju sejahtera fondasi kuat letak jokowi sumber video,suka banget kompak prabowo mas gibran optimis pimpin negarawan beda generasi bawa indonesia maju sejahtera fondasi kuat letak jokowi sumber video,positive
prabowo gibran damping jokowi raya hut tni monas raya ulang hut tentara nasional indonesia tni monumen nasional monas jakarta raya presiden joko widodo jokowi inspektur upacara,prabowo gibran damping jokowi raya hut tni monas raya ulang hut tentara nasional indonesia tni monumen nasional monas jakarta raya presiden joko widodo jokowi inspektur upacara,positive
garagara kaesang gibran jokowi negara diobrakabrik teman sahabat cinta orang waras orang tone deaf,garagara kaesang gibran jokowi negara diobrakabrik teman sahabat cinta orang waras orang tone deaf,positive
presiden joko widodo rencana pulang solo sore tanggal oktober aku tidur kampung halaman moga jokowi sumbang pikir gagas utk perintah prabowo gibran indonesia,presiden joko widodo rencana pulang solo sore tanggal oktober aku tidur kampung halaman moga jokowi sumbang pikir gagas utk perintah prabowo gibran indonesia,neutral
gibran duduk sejajar prabowo gibran posisi anak jokowi wapres pilih anak ngekor duduk samping sederhana,gibran duduk sejajar prabowo gibran posisi anak jokowi wapres pilih anak ngekor duduk samping sederhana,negative
jd calon presiden periksa  nama test sehat lolos gak gibran lolos sehat sakit sehat gtgt jokowi hitung gibran ujung tanduk demo pekan youtube ilc,calon presiden periksa nama test sehat lolos gak gibran lolos sehat sakit sehat gtgt jokowi hitung gibran ujung tanduk demo pekan youtube ilc,positive
aib raja jawa akun kaskus milik gibran tibatiba muncul aksi ingat darurat intelejenintelejen bangkit kubur lucut akun fufufafa akarakarnya raja jokowi kelimpungan hadap serang kali,aib raja jawa akun kaskus milik gibran tibatiba muncul aksi ingat darurat intelejenintelejen bangkit kubur lucut akun fufufafa akarakarnya raja jokowi kelimpungan hadap serang kali,negative
andi widjajanto nyata jokowi gibran resmi cawapres prabowo tega banget jokowi khianat pdip amp bu megawati  jadi presiden periode hitung anak gibran amp menantu boby  usung pdip walikota solo amp medan,andi widjajanto nyata jokowi gibran resmi cawapres prabowo tega banget jokowi khianat pdip amp megawati jadi presiden periode hitung anak gibran amp menantu boby usung pdip walikota solo amp medan,negative
karang cerita jokowi prabowo gibran prabowo jokowi gibran prabowo sebar percaya aneh marahmarah emosi dasar orang gila,karang cerita jokowi prabowo gibran prabowo jokowi gibran prabowo sebar percaya aneh marahmarah emosi dasar orang gila,negative
presiden wapres ri pilih prabowo subianto gibran rakabuming raka sambang diam presiden jokowi jalan kuta utara i lurah sumber camat banjarsari solo jawa minggu prabowo amp gibran mobil wib,presiden wapres pilih prabowo subianto gibran rakabuming raka sambang diam presiden jokowi jalan kuta utara lurah sumber camat banjarsari solo jawa minggu prabowo amp gibran mobil wib,negative
gibran rakabuming raka jemput prabowo bandara solo temu jokowi,gibran rakabuming raka jemput prabowo bandara solo temu jokowi,negative
silaturahmi shering pasti baik bangsa tweet,silaturahmi shering pasti baik bangsa tweet,positive
gibran jokowi jokowi alam x wali kota x gubernur capres jokowi calon presiden gibran calon wakil presiden jokowi ga loncat partai usung pdip gibran pindah partai jokowi ga paman mk gibran paman,gibran jokowi jokowi alam wali kota gubernur capres jokowi calon presiden gibran calon wakil presiden jokowi loncat partai usung pdip gibran pindah partai jokowi paman gibran paman,negative
sikap amp tegas pimpin sama gibran dgn jokowi  beda galak bagus krn gibran sendiri dlm ekspres kasar relatif ya,sikap amp tegas pimpin sama gibran dgn jokowi beda galak bagus krn gibran sendiri dlm ekspres kasar relatif,positive
prabowo jokowi maruf capres preswapres jalan tiga senyum senyum ngobrol lontar gestur macem macem si gibran jalan mamah arti simboliksemiotiknya coba tebak,prabowo jokowi maruf capres preswapres jalan tiga senyum senyum ngobrol lontar gestur macem macem gibran jalan mamah arti simboliksemiotiknya coba tebak,neutral
celah ungkap milik akun fufufafa kelompok dukung presiden jokowi lapor mantan menteri pemuda olahraga roy suryo sebut gibran rakabuming raka milik akun kaskus nama fufufafa ahli hukum nilai lapor celah,celah ungkap milik akun fufufafa kelompok dukung presiden jokowi lapor mantan menteri pemuda olahraga roy suryo sebut gibran rakabuming raka milik akun kaskus nama fufufafa ahli hukum nilai lapor celah,negative
fair aja ya gaesss jokowi bilang gibran muda alam logis aja jokowi gibran dikarbit langsung walkot solo jabat ngebet kuasa ya bole aja ya ga gitu keleus bro,fair aja gaesss jokowi bilang gibran muda alam logis aja jokowi gibran dikarbit langsung walkot solo jabat ngebet kuasa bole aja gitu keleus bro,negative
jokowi cawecawe jokowi mintaminta skrg gtgt jokowi hitung gibran ujung tanduk demo pekan lengkap tonton youtube ilc,jokowi cawecawe jokowi mintaminta skrg gtgt jokowi hitung gibran ujung tanduk demo pekan lengkap tonton youtube ilc,negative
sih jokowi banget jokowi sisi belah rakyat program sentuh langsung butuh rakyat gibran jokowi versi melenial ragu jokowi pasang banget,sih jokowi banget jokowi sisi belah rakyat program sentuh langsung butuh rakyat gibran jokowi versi melenial ragu jokowi pasang banget,positive
jokowi mohon dgn hormat mari selamat bangsa dgn paksa gibran cawapres biar juang waris  nilai indonesia lambat sisa negarawan mohon,jokowi mohon dgn hormat mari selamat bangsa dgn paksa gibran cawapres biar juang waris nilai indonesia lambat sisa negarawan mohon,positive
kayak aku gibran da maaf gibran kuat jokowi jerat  lepas nego prabowo ringan tekan jokowi  dibackup oligarki,kayak aku gibran maaf gibran kuat jokowi jerat lepas nego prabowo ringan tekan jokowi dibackup oligarki,negative
pesimis bentuk badan terima negara simak jelas lengkap ya,pesimis bentuk badan terima negara simak jelas lengkap,negative
kenal langsung ngobrol foto bareng salam dukung beliau jokowi gibran kaesang soekarno megawati puan maharani pdip perindo ppp,kenal langsung ngobrol foto bareng salam dukung beliau jokowi gibran kaesang soekarno megawati puan maharani pdip perindo ppp,neutral
anies amp ganjar mk bidik jokowi amp gibran faizal assegaf kritikus kubu anies ganjar juang mahkamah konstitusi bidik dinasti jokowi bocor ihwal bincang serius tarik pelanpelan prabowo kes,anies amp ganjar bidik jokowi amp gibran faizal assegaf kritikus kubu anies ganjar juang mahkamah konstitusi bidik dinasti jokowi bocor ihwal bincang serius tarik pelanpelan prabowo kes,neutral
gue tikam ganjar pdi juang drama politik sadis tunjuk jokowi misi lanjut lumpuh airlangga hartarto kuasa golkar bahlil gibran kiamat,gue tikam ganjar pdi juang drama politik sadis tunjuk jokowi misi lanjut lumpuh airlangga hartarto kuasa golkar bahlil gibran kiamat,negative
wait and see silah gerindra usung gibran sbg wakil prabroro silah golkar usung gibran sbg wakil prabroro silah pan usung gibran sbg wakil prabroro menit hari daftar capres cawapres pakde jokowi tuju gibran wakil,wait and see silah gerindra usung gibran sbg wakil prabroro silah golkar usung gibran sbg wakil prabroro silah pan usung gibran sbg wakil prabroro menit hari daftar capres cawapres pakde jokowi tuju gibran wakil,negative
anak jahat pilkada bantu sm ganjar maju pilpres bantu sm ganjar presiden dukung bela sm ganjar gibran walikota walikota bantu bela sm ganjar lihat balas,anak jahat pilkada bantu ganjar maju pilpres bantu ganjar presiden dukung bela ganjar gibran walikota walikota bantu bela ganjar lihat balas,negative
jokowi lengser gibran geser jokowi kenang presiden amburadul,jokowi lengser gibran geser jokowi kenang presiden amburadul,negative
jokowi kian kentara dukung prabowogibran menang putar penyalahgunaan kuasa,jokowi kian kentara dukung prabowogibran menang putar penyalahgunaan kuasa,positive
presiden joko widodo resmi istana negara ikn nusantara jumat oktober tweet indonesia hebat indonesia maju indonesia emas,presiden joko widodo resmi istana negara ikn nusantara jumat oktober tweet indonesia hebat indonesia maju indonesia emas,neutral
hari slh acara temu prabowo dg rawan jokowi gibran bicara dg salah elit pdip blg prabowo dpt dukung dr rawan jokowi gak percaya dn blg rawan prabowo  dukung jokowi stlh prabowo jd menhan simple bilang bukti tgl feb,hari slh acara temu prabowo rawan jokowi gibran bicara salah elit pdip blg prabowo dpt dukung rawan jokowi gak percaya blg rawan prabowo dukung jokowi stlh prabowo menhan simple bilang bukti tgl feb,negative
kpk dalam terang ubedilah badrun duga kkn putra jokowi gibran kaesang,kpk dalam terang ubedilah badrun duga kkn putra jokowi gibran kaesang,neutral
kalo doi beneran tum golkar negara beneran asai keluarga jokowi anjir eksekutif gibran wapres kaesang otw cawagub dkijateng kalo tp amit bobby walkot medan otw cagub sumut yudikatif anwar usman hakim konstitusi ex,kalo doi beneran tum golkar negara beneran asai keluarga jokowi anjir eksekutif gibran wapres kaesang otw cawagub dkijateng kalo amit bobby walkot medan otw cagub sumut yudikatif anwar usman hakim konstitusi,negative
ya jokowi nama pdip simbiosis mutualisme pdip jokowi klaim pdip megawati jokowi posisi ketiak pdip gibran menang jokowi lenggang tum golkar,jokowi nama pdip simbiosis mutualisme pdip jokowi klaim pdip megawati jokowi posisi ketiak pdip gibran menang jokowi lenggang tum golkar,negative
gagal adu domba prabowo vs gibran coba adu domba sby vs jokowi emang spesialis adu domba krn ngelawan isu ga masuk akar rumput demo komedi darurat kmrn jg jd leluconmakanya focus adu domba sesuai perintah majikan wkwkw,gagal adu domba prabowo gibran coba adu domba sby jokowi emang spesialis adu domba krn ngelawan isu masuk akar rumput demo komedi darurat kmrn leluconmakanya focus adu domba sesuai perintah majikan wkwkw,negative
menteri jokowi jual gibran pake bansos zulkifli hasan kasih bansos blt kasih bansos blt  suka jokowi ngkat tangan jokowi pan pan jokowi dukung gibran cocoook gibran sopo,menteri jokowi jual gibran pake bansos zulkifli hasan kasih bansos blt kasih bansos blt suka jokowi ngkat tangan jokowi pan pan jokowi dukung gibran cocoook gibran sopo,neutral
batalin pilgub dki buangbuang apbn pimpin terus pilgub nya dualisme pimpin,batalin pilgub dki buangbuang apbn pimpin terus pilgub nya dualisme pimpin,positive
dukung ganjar mahfudnya negatif suka lihat pdip megawati kuasa dukung prabowo gibran orang percaya jokowi lanjut program negatif urus mk,dukung ganjar mahfudnya negatif suka lihat pdip megawati kuasa dukung prabowo gibran orang percaya jokowi lanjut program negatif urus,positive
fufufafa gibran tumbal bangsa rakus jokowi,fufufafa gibran tumbal bangsa rakus jokowi,positive
tahan kuasa militer gera rakyat pro demokrasi  upaya guling gibran oleh kursi wakil presiden dr manipulasi koruptif presiden joko widodo  tlh cipta bijak promodalampantikelas buruhpetani,tahan kuasa militer gera rakyat pro demokrasi upaya guling gibran oleh kursi wakil presiden manipulasi koruptif presiden joko widodo tlh cipta bijak promodalampantikelas buruhpetani,neutral
sambang jokowi solo prabowo mobil gibran,sambang jokowi solo prabowo mobil gibran,negative
jokowi cemad gibran acuh gibran dicuekin prabowo mulyono lirik,jokowi cemad gibran acuh gibran dicuekin prabowo mulyono lirik,positive
terkahir jokowi sdh lame duck selameducknya gtgt jokowi hitung gibran ujung tanduk demo pekan lengkap tonton youtube ilc,terkahir jokowi sdh lame duck selameducknya gtgt jokowi hitung gibran ujung tanduk demo pekan lengkap tonton youtube ilc,negative
nepotisme jokowi calon gibran wakil presiden presiden jokowi tinggal istana jabat kuasa ganti prabowo subianto lantik oktober periode,nepotisme jokowi calon gibran wakil presiden presiden jokowi tinggal istana jabat kuasa ganti prabowo subianto lantik oktober periode,neutral
mahasiswa muak satria naufal koordinator pusat bem indonesia gtgt jokowi hitung gibran ujung tanduk demo pekan lengkap tonton youtube ilc,mahasiswa muak satria naufal koordinator pusat bem indonesia gtgt jokowi hitung gibran ujung tanduk demo pekan lengkap tonton youtube ilc,neutral
mulyono sales produk lokal kalo istri gibran harga tas juta fufufafa,mulyono sales produk lokal kalo istri gibran harga tas juta fufufafa,neutral
kasar main,kasar main,negative
cia mossad aja kalah intel bocor alus isa tau obrol jokowi iriana obrol kaesang gibran rapat keluarga obrol istana tau obrol diam prabowo jg tau wkwkw lindungin uu pers bebas ngehoax suka,cia mossad aja kalah intel bocor alus isa tau obrol jokowi iriana obrol kaesang gibran rapat keluarga obrol istana tau obrol diam prabowo tau wkwkw lindungin pers bebas ngehoax suka,negative
kalo tunjuk hasil foodestate gunungmas tanam singkong sebut gibran debat kasih hadiah umroh gratis fakta program canang jokowi tugas prabowo kemenhan gagal tanah hektar,kalo tunjuk hasil foodestate gunungmas tanam singkong sebut gibran debat kasih hadiah umroh gratis fakta program canang jokowi tugas prabowo kemenhan gagal tanah hektar,negative
fufufafa usak negara didik anak watak fufufafa guru bangsa guru bangsat negara kuras habis kaya alam kaya uang apbn cekak jokowi tanggung gibran lantik,fufufafa usak negara didik anak watak fufufafa guru bangsa guru bangsat negara kuras habis kaya alam kaya uang apbn cekak jokowi tanggung gibran lantik,negative
polisi tegas kerumun massa gibran lindung uu polisi kerumun cipta proses pilkada atur uu pandang sobat republika sila tulis komentar,polisi tegas kerumun massa gibran lindung polisi kerumun cipta proses pilkada atur pandang sobat republika sila tulis komentar,neutral
jokowi prabowo temu solo gibran makan siang,jokowi prabowo temu solo gibran makan siang,negative
jokowi jd bemper biar benalu nyerang udah ad kelompok  adu domba prabowo gibran jabat bangsa negara penting rakyat jokowi pasang badan,jokowi bemper biar benalu nyerang udah kelompok adu domba prabowo gibran jabat bangsa negara penting rakyat jokowi pasang badan,neutral
gibran makan siang jokowi prabowo solo,gibran makan siang jokowi prabowo solo,negative
sektor infrastruktur salah fokus utama era perintah joko widodo jokowi tingkat konektivitas rangsang tumbuh ekonomi wilayah tanah air gibran hots rp bisseck,sektor infrastruktur salah fokus utama era perintah joko widodo jokowi tingkat konektivitas rangsang tumbuh ekonomi wilayah tanah air gibran hots bisseck,neutral
jokowi mundur gibran sungkur jokowi lengser gibran geser,jokowi mundur gibran sungkur jokowi lengser gibran geser,negative
bawah pimpin presiden jokowi dorong programprogram tuju tingkat sejahtera masyarakat program kis kip bantu sosial bawa dampak positif signifikan gibran hots rp bisseck,bawah pimpin presiden jokowi dorong programprogram tuju tingkat sejahtera masyarakat program kis kip bantu sosial bawa dampak positif signifikan gibran hots bisseck,positive
munuver jelang lengser kursi presiden hawatir nasib gibran tdk lantik sama dgn presiden pilih prabowo subianto tap mpr,munuver jelang lengser kursi presiden hawatir nasib gibran tdk lantik sama dgn presiden pilih prabowo subianto tap mpr,negative
periode perintah presiden jokowi tinggal sejmlh capai bangun infrastruktur dr muh basir m ketua pcnu kab pangkep nilai kerja presiden jokowi bidang bangun infrastruktur layak apresiasi gibran hots rp,periode perintah presiden jokowi tinggal sejmlh capai bangun infrastruktur muh basir ketua pcnu kab pangkep nilai kerja presiden jokowi bidang bangun infrastruktur layak apresiasi gibran hots,negative
berita gembira prosedur dlm ganti wapres sesuai uu  laku moga  bangsa sekian dn terima kasih,berita gembira prosedur dlm ganti wapres sesuai laku moga bangsa sekian terima kasih,positive
kerja nyata perintah jokowi bangun infrastruktur perata bangun daerah tuk tingkat ekonomi masyarakat gibran hots rp bisseck malming sterling,kerja nyata perintah jokowi bangun infrastruktur perata bangun daerah tuk tingkat ekonomi masyarakat gibran hots bisseck malming sterling,positive
jokowi prabowo goda peluang masuk kabinet prabowogibran nihil sebentar dunia heboh dg narasi konspirasi mulyono cawecawe,jokowi prabowo goda peluang masuk kabinet prabowogibran nihil sebentar dunia heboh narasi konspirasi mulyono cawecawe,neutral
rencana mpr ri undang tokoh lantik presidenwakil presiden pilih periode,rencana mpr undang tokoh lantik presidenwakil presiden pilih periode,negative
beda  standar janda ala keluarga tweet amp walikota via seleksi rakyat amp usung juang rommy soekarno lolos dpr krn orang dngn urut atas mundur ntuk ngasih slot tiket senayan dinasti  lebih monarki,beda standar janda ala keluarga tweet amp walikota via seleksi rakyat amp usung juang rommy soekarno lolos dpr krn orang dngn urut atas mundur ntuk ngasih slot tiket senayan dinasti lebih monarki,neutral
 lanjut roy suryo polisi rekawan jokowi ken tau sih rawan jokowi percaya bhw fufufafa gibran,lanjut roy suryo polisi rekawan jokowi ken tau sih rawan jokowi percaya bhw fufufafa gibran,negative
naik fufufafa tahta jokowi jabat periode tuduh main isu fufufafa alias gibran rakabuming raka sodor damping prabowo subianto pakai rumus,naik fufufafa tahta jokowi jabat periode tuduh main isu fufufafa alias gibran rakabuming raka sodor damping prabowo subianto pakai rumus,negative
programprogram jokowi utk penting masyarakat adil program bantu sosial perintah upaya kurang senjang sosial cipta masyarakat adil gibran hots rp bisseck,programprogram jokowi utk penting masyarakat adil program bantu sosial perintah upaya kurang senjang sosial cipta masyarakat adil gibran hots bisseck,positive
jokowi ngaku campur susun kabinet prabowogibran anda campur tangan  tau sumber,jokowi ngaku campur susun kabinet prabowogibran anda campur tangan tau sumber,negative
moga jokowi gibran beneran kader golkar bikin banteng bawah depan psi golkar kawal gibran smp ri periode negara butuh sosok  tdk bs kendali tum sosok gibran amp ahy,moga jokowi gibran beneran kader golkar bikin banteng bawah depan psi golkar kawal gibran smp periode negara butuh sosok tdk kendali tum sosok gibran amp ahy,negative
tweet jejak digital emang legend,tweet jejak digital emang legend,neutral
ada gibran libat hasyim kabinet dll bbrp berita media indikator rprabowo jokowi prabowo persis jokowi sukses akun media dukung,ada gibran libat hasyim kabinet dll bbrp berita media indikator rprabowo jokowi prabowo persis jokowi sukses akun media dukung,negative
wakil presiden ri pilih gibran rakabuming raka peran sang ayah presiden joko widodo jokowi kabinet perintah prabowo subianto gibran jokowi masuk kabinet perintah,wakil presiden pilih gibran rakabuming raka peran sang ayah presiden joko widodo jokowi kabinet perintah prabowo subianto gibran jokowi masuk kabinet perintah,neutral
gibran raka mantap kuasa sangkut etik kemarin trah jokowi kerja cak imin belibet tegang banget bossku napas mahfud dasar alam,gibran raka mantap kuasa sangkut etik kemarin trah jokowi kerja cak imin belibet tegang banget bossku napas mahfud dasar alam,positive
jokowi gibran kaesang anwar usman lapor kpk duga nepotisme erick s paat koordinator tim bela demokrasi indonesia erick kuasa hukum politis pdip emir moeis suap proyek pltu tarah lampung,jokowi gibran kaesang anwar usman lapor kpk duga nepotisme erick paat koordinator tim bela demokrasi indonesia erick kuasa hukum politis pdip emir moeis suap proyek pltu tarah lampung,neutral
edar info wag bhw akuisisi jokowi sdh selesai rapimnas plt tum agk selenggara munas bs ak sy munaslub tum bl waketum agk ketua hari bs wanbin jkwgibran selamat jk,edar info wag bhw akuisisi jokowi sdh selesai rapimnas plt tum agk selenggara munas munaslub tum waketum agk ketua hari wanbin jkwgibran selamat,positive
alas kpu terima gibran cawapres surat jokowi,alas kpu terima gibran cawapres surat jokowi,positive
kembang umkm perintah jokowi dukung bantu modal kur pasar umkm kelas gibran hots rp bisseck malming sterling,kembang umkm perintah jokowi dukung bantu modal kur pasar umkm kelas gibran hots bisseck malming sterling,positive
isux pasu tanah jokowi berat adu roy suryo ranah hukum tuduh roy suryo akun fufufafa katax milik gibran mantul track recordrekam jejak,isux pasu tanah jokowi berat adu roy suryo ranah hukum tuduh roy suryo akun fufufafa katax milik gibran mantul track recordrekam jejak,negative
capres calon terus raja ngibul jt lapker dll presd ga ya janji prabowo gibran tambah gaji guru jtbl bangun jt rumah apartemen rakyat makan susu gratis misi visi citra gratis fasilitas negara,capres calon terus raja ngibul lapker dll presd janji prabowo gibran tambah gaji guru jtbl bangun rumah apartemen rakyat makan susu gratis misi visi citra gratis fasilitas negara,neutral
lengkap ya presiden serta iriana wapres marufamin serta presiden pilih wapres pilih cah bagus tweet serta istri potong tumpeng tni prima,lengkap presiden serta iriana wapres marufamin serta presiden pilih wapres pilih cah bagus tweet serta istri potong tumpeng tni prima,neutral
perintah jokowi maju signifikan perintah presiden jokowi maju signifikan bangun infrastruktur maju kontribusi tumbuh ekonomi indonesia gibran hots rp bisseck,perintah jokowi maju signifikan perintah presiden jokowi maju signifikan bangun infrastruktur maju kontribusi tumbuh ekonomi indonesia gibran hots bisseck,neutral
ketua hari dpp gerindra sufmi dasco ahmad respons isu presiden jokowi tolak pdi juang masuk kabinet perintah prabowogibran nyata,ketua hari dpp gerindra sufmi dasco ahmad respons isu presiden jokowi tolak pdi juang masuk kabinet perintah prabowogibran nyata,neutral
joko widodo jokowi tolak dewan timbang presiden wantimpres perintah presiden wakil presiden periode prabowo subianto gibran rakabuming raka jabat presiden jokowi pulang,joko widodo jokowi tolak dewan timbang presiden wantimpres perintah presiden wakil presiden periode prabowo subianto gibran rakabuming raka jabat presiden jokowi pulang,negative
detikdetik prabowo subianto jemput gibran rakabuming temu presiden jokowi solo,detikdetik prabowo subianto jemput gibran rakabuming temu presiden jokowi solo,negative
list orang yamg ken lu pukulin kalo liat muka jokowi luhut gibran wowo,list orang yamg ken pukulin kalo liat muka jokowi luhut gibran wowo,neutral
ajak pilih pasang caprescawapres masyarakat coblos prabowogibran manifestasi lanjut jokowi golong masyarakat bodoh,ajak pilih pasang caprescawapres masyarakat coblos prabowogibran manifestasi lanjut jokowi golong masyarakat bodoh,positive
buah jatuh pohon gibran hina netizen sprt hal bpk jokowi  hina caci fitnah tanggap dg santai doa bpk bpk  pandai didik anak nya bravo dhe,buah jatuh pohon gibran hina netizen sprt hal bpk jokowi hina caci fitnah tanggap santai doa bpk bpk pandai didik anak nya bravo dhe,neutral
yes dukung bijak cepat kembang sektor riil daya umkm perintah jokowi mudah kredit usaha rakyat kur proses izin mudah gratis gibran hots rp bisseck,yes dukung bijak cepat kembang sektor riil daya umkm perintah jokowi mudah kredit usaha rakyat kur proses izin mudah gratis gibran hots bisseck,positive
buzzer ganjar lucu bikin narasi gibran lengser puan jd wapres prabowo akan musuh gibranpadahal kmrn hianati jokowi krn ga sudi presiden kyk prabowo cm jd wapres kmrn jokowi ajuin prabowoganjar tp tolak skrng,buzzer ganjar lucu bikin narasi gibran lengser puan wapres prabowo akan musuh gibranpadahal kmrn hianati jokowi krn sudi presiden kyk prabowo wapres kmrn jokowi ajuin prabowoganjar tolak skrng,positive
jokowi gibran bobby kaesang sel penjara,jokowi gibran bobby kaesang sel penjara,negative
prabowo temu jokowi solo jawa gibran makan siang,prabowo temu jokowi solo jawa gibran makan siang,negative
gaya gibran plek ketiplek jokowi keren lengkap konkret kosong melompong efektif kelabu orang,gaya gibran plek ketiplek jokowi keren lengkap konkret kosong melompong efektif kelabu orang,positive
tweet gak suka prabowo orang mesin cuci harta cendana gua gak tega kalo beliau hina kayak,tweet gak suka prabowo orang mesin cuci harta cendana gua gak tega kalo beliau hina kayak,negative
gibran fase ingin wujud ga peduli langgar atur bapak anak senang main simbolsimbol isyarat khas perilaku raja jawa selebrasi jokowi ejek prabowo,gibran fase ingin wujud peduli langgar atur bapak anak senang main simbolsimbol isyarat khas perilaku raja jawa selebrasi jokowi ejek prabowo,negative
prabowo jg nyerang jokowi  bikin ribut udah kalah adu domba prabowogibran dgn pura jd dukung prabowo lengserin gibran abis gitu prabowo wkwkw,prabowo nyerang jokowi bikin ribut udah kalah adu domba prabowogibran dgn pura dukung prabowo lengserin gibran abis gitu prabowo wkwkw,negative
momen lucu prabowo kenal wakil presiden pilih presiden jokowi mas gibran gegas salam rp,momen lucu prabowo kenal wakil presiden pilih presiden jokowi mas gibran gegas salam,positive
tuduh hina gibran simbol negara roy suryo ledek pasu tanah jokowi kayak fufufafa malas baca,tuduh hina gibran simbol negara roy suryo ledek pasu tanah jokowi kayak fufufafa malas baca,negative
moment unik wapres gibran sambut orang tua anak nya acara hut tni monas celetuk gimana ya acara negara acara keluarga nya blm uu  larang colek bang,moment unik wapres gibran sambut orang tua anak nya acara hut tni monas celetuk gimana acara negara acara keluarga nya blm larang colek bang,neutral
alas  bantahtuk tahan wapres pilih sifat akun fufufafa sifat gibran so keluarga jokowi budakoligarki,alas bantahtuk tahan wapres pilih sifat akun fufufafa sifat gibran keluarga jokowi budakoligarki,negative
prabowogibran presiden jokowi wakil presiden ma ruf amin hadir hut tentara nasional indonesia moga tni jaya sejahtera merdeka,prabowogibran presiden jokowi wakil presiden ruf amin hadir hut tentara nasional indonesia moga tni jaya sejahtera merdeka,positive
teddy prabowo mas gibran mas diet dll foto pake hp orang,teddy prabowo mas gibran mas diet dll foto pake orang,neutral
aja ad  bain ganjar nolak pildun u nolak pildun ga dapet tiket nyapres rakyat jokowi gibran ngamuk gara penting pribadi impi anak bangsa main pildun gagalya ad aja  bain tugas partai,aja bain ganjar nolak pildun nolak pildun dapet tiket nyapres rakyat jokowi gibran ngamuk gara penting pribadi impi anak bangsa main pildun gagalya aja bain tugas partai,negative
presiden jokowi mata dr muh basir m ketua pcnu kab pangkep sulawesi selatan simak gaess gibran hots rp bisseck,presiden jokowi mata muh basir ketua pcnu kab pangkep sulawesi selatan simak gaess gibran hots bisseck,negative
jokowi hadir lantik prabowogibran,jokowi hadir lantik prabowogibran,negative
narasumber pekan gtgt jokowi hitung gibran ujung tanduk demo pekan tonton youtube ilc,narasumber pekan gtgt jokowi hitung gibran ujung tanduk demo pekan tonton youtube ilc,neutral
maju ekonomi indonesia hasil kerja keras hasil kerja keras dedikasi maju bangsa indonesia presiden jokowi apresiasi gibran hots rp bisseck,maju ekonomi indonesia hasil kerja keras hasil kerja keras dedikasi maju bangsa indonesia presiden jokowi apresiasi gibran hots bisseck,positive
bukti tambang desa mandalle aktivitas polisi kab gowa tangan tambang ilegal gowa polri tweet,bukti tambang desa mandalle aktivitas polisi kab gowa tangan tambang ilegal gowa polri tweet,neutral
bikin ngikikgtgtgt,bikin ngikikgtgtgt,negative
fakta bhw mayoritas masyarakat indonesia puas senang jokowi gtgt jokowi hitung gibran ujung tanduk demo pekan lengkap tonton youtube ilc,fakta bhw mayoritas masyarakat indonesia puas senang jokowi gtgt jokowi hitung gibran ujung tanduk demo pekan lengkap tonton youtube ilc,negative
presiden joko widodo jokowi pilih tidur siang agenda kali surakarta solo lantik prabowo subiantogibran rakabuming pulang solo tidur jokowi kekeh,presiden joko widodo jokowi pilih tidur siang agenda kali surakarta solo lantik prabowo subiantogibran rakabuming pulang solo tidur jokowi kekeh,negative
anies hebat pas jubir jokowi dolo mas tweet ga kerja anies jd jubirnya pas udah jd wapres selagi free transfer alias ngangur sayang bakat anies siasiakan jd anggur gin takut omonomon lukis,anies hebat pas jubir jokowi dolo mas tweet kerja anies jubirnya pas udah wapres selagi free transfer alias ngangur sayang bakat anies siasiakan anggur gin takut omonomon lukis,positive
periksa milik akun fufufafa cenderung kesakitjiwaanya jubir presiden gus dur gtgt jokowi hitung gibran ujung tanduk demo pekan lengkap tonton youtube ilc,periksa milik akun fufufafa cenderung kesakitjiwaanya jubir presiden gus dur gtgt jokowi hitung gibran ujung tanduk demo pekan lengkap tonton youtube ilc,negative
ahok ngerujak dukung pedes bgt bukti gibran kerja walikota jokowi kerja sdh pilih sesuai harap bawa mati sesal sila bawa mati cocot legend,ahok ngerujak dukung pedes bgt bukti gibran kerja walikota jokowi kerja sdh pilih sesuai harap bawa mati sesal sila bawa mati cocot legend,negative
jelang lantik presidenwakil presiden oktober edar kabar presiden jokowi tolak kader pdi juang masuk kabinet prabowogibran,jelang lantik presidenwakil presiden oktober edar kabar presiden jokowi tolak kader pdi juang masuk kabinet prabowogibran,negative
tani gibran prabowo temu jokowi rumah solo,tani gibran prabowo temu jokowi rumah solo,negative
jokowi amp gibran hadir acara lantik presiden prabowo subianto tahu hadir,jokowi amp gibran hadir acara lantik presiden prabowo subianto tahu hadir,negative
caracara wartawan ya jokowi gibran almas,caracara wartawan jokowi gibran almas,negative
oktober antar jokowi wangsul ten solo,oktober antar jokowi wangsul ten solo,neutral
bukti jokowi menang pdip pdip  menang faktor jokowi gibran rakabuming raka terima putus golkar aju cawapres prabowo,bukti jokowi menang pdip pdip menang faktor jokowi gibran rakabuming raka terima putus golkar aju cawapres prabowo,negative
prabowo makan malam jokowi udah baris musuh tantrum krn adu domba gagal total udah narasi podcast prabowo tinggal jokowi min prabowo makan malam gibran biar kaum adu domba tantrum,prabowo makan malam jokowi udah baris musuh tantrum krn adu domba gagal total udah narasi podcast prabowo tinggal jokowi min prabowo makan malam gibran biar kaum adu domba tantrum,neutral
orang sungguh rusak nama jokowi kira jokowi senang paksa gibran cawapres percaya publik turun karir politik gibran cepat rontok puji kadang jerumus,orang sungguh rusak nama jokowi kira jokowi senang paksa gibran cawapres percaya publik turun karir politik gibran cepat rontok puji kadang jerumus,negative
jalan presiden jokowi gibran najis sistem demokrasi anut,jalan presiden jokowi gibran najis sistem demokrasi anut,negative
 gibran solo jokowi pas walkot program umkm kaki liat event bikin bazar bangun pasar jd wajar orang ngerasain langsung aneh gak presiden level solo,gibran solo jokowi pas walkot program umkm kaki liat event bikin bazar bangun pasar wajar orang ngerasain langsung aneh gak presiden level solo,negative
marak spanduk terima kasih jokowi selamat prabowogibran amat emas emas,marak spanduk terima kasih jokowi selamat prabowogibran amat emas emas,positive
ucap terima kasih ataa kepeminpinan presiden joko widodo kalang nusantara apresiasi banggan cinta jokowi ungkap ucap gibran hots rp bisseck,ucap terima kasih ataa kepeminpinan presiden joko widodo kalang nusantara apresiasi banggan cinta jokowi ungkap ucap gibran hots bisseck,positive
kadang gw mikir brengsek jokowi gibran pengaruh istriistrinya  diemdiem doang,kadang mikir brengsek jokowi gibran pengaruh istriistrinya diemdiem doang,negative
bobby tokoh nasional gibran wapres kaesang tum parpol jokowi anggap negarawan jurus prabowo bingkai patriot sejati konon soeharto gari pahlawan standar wajar bangsa padan iq rataratanya alias jongkok banget,bobby tokoh nasional gibran wapres kaesang tum parpol jokowi anggap negarawan jurus prabowo bingkai patriot sejati konon soeharto gari pahlawan standar wajar bangsa padan rataratanya alias jongkok banget,positive
presiden pilih prabowo subianto kenal wakil presiden pilih gibran rakabuming raka presiden jokowi negara iriana momen tanda temu sejarah politik indonesia warna hangat hormat generasi,presiden pilih prabowo subianto kenal wakil presiden pilih gibran rakabuming raka presiden jokowi negara iriana momen tanda temu sejarah politik indonesia warna hangat hormat generasi,negative
rl fakta laksana dunia medsos x wakil rakyat mayoritas indonesia catat nama presiden baik sejarah indonesia lanjut presiden pilih n tweet optimis,fakta laksana dunia medsos wakil rakyat mayoritas indonesia catat nama presiden baik sejarah indonesia lanjut presiden pilih tweet optimis,neutral
terimakasih colek pengaruh medsos xland sejajar presiden presiden pilih ketua ri ri kangmas dsb tweet tau aja kader juang,terimakasih colek pengaruh medsos xland sejajar presiden presiden pilih ketua kangmas dsb tweet tau aja kader juang,negative
momen lucu bangga dinasti pilih rakyat sikap profesional mas tweet pa kenal wapresnya pd pa tpi jan ethes profesional ketemu ayah kakek,momen lucu bangga dinasti pilih rakyat sikap profesional mas tweet kenal wapresnya tpi jan ethes profesional ketemu ayah kakek,positive
berkat kerja keras presiden jokowi jajar ekonomi indonesia tangguh tantang global gibran hots rp bisseck,berkat kerja keras presiden jokowi jajar ekonomi indonesia tangguh tantang global gibran hots bisseck,positive
sehat pimpin bangsa moment prabowo gibran presiden jokowi hut tni kemarin nya orang belah gak tegur sapa,sehat pimpin bangsa moment prabowo gibran presiden jokowi hut tni kemarin nya orang belah gak tegur sapa,negative
momen debar jelang pensiun jokowi spt acara usaha hapus bukti gibran tdk libat jejak fufufafa strategi hilang jejak tren istana baca thread lengkap,momen debar jelang pensiun jokowi spt acara usaha hapus bukti gibran tdk libat jejak fufufafa strategi hilang jejak tren istana baca thread lengkap,neutral
investasi jawa tingkat spirit bangun indonesia sentris ala jokowi sesuai ekspektasi gibran hots rp bisseck sterling beby,investasi jawa tingkat spirit bangun indonesia sentris ala jokowi sesuai ekspektasi gibran hots bisseck sterling beby,neutral
tindak jokowi benarbenar nalar amat kunjung hotel kumpul prabowogibran,tindak jokowi benarbenar nalar amat kunjung hotel kumpul prabowogibran,neutral
sri mulyani berkat fondasi kuat waris jokowi prabowogibran lanjut bangun,sri mulyani berkat fondasi kuat waris jokowi prabowogibran lanjut bangun,positive
presiden joko widodo jokowi ungkap rencanabertolak solo jawa lantik presiden wakil presiden pilih prabowo subiantogibran rakabuming minggu jokowi langsung istirahat sampa kota lahir,presiden joko widodo jokowi ungkap rencanabertolak solo jawa lantik presiden wakil presiden pilih prabowo subiantogibran rakabuming minggu jokowi langsung istirahat sampa kota lahir,negative
pakar hukum tata negara bukti jokowi salahgunakan wewenang penting gibran,pakar hukum tata negara bukti jokowi salahgunakan wewenang penting gibran,positive
presiden jokowi cawecawe kait kabinet perintah pimpin prabowogibran intervensi hal intervensi jokowi buka,presiden jokowi cawecawe kait kabinet perintah pimpin prabowogibran intervensi hal intervensi jokowi buka,negative
bayang betapa berat beban  jokowi kpd prof mhd hasan hrt memang lindung sukses gibran ya,bayang betapa berat beban jokowi kpd prof mhd hasan hrt memang lindung sukses gibran,positive
jhon dungu tololl bgni otak empat sj dstu gibran blm dlantik kocak wajar jokowi maruf d dpan duduk krna status msih presiden prabowo sbagai menhan dongomuuu cokk,jhon dungu tololl bgni otak empat dstu gibran blm dlantik kocak wajar jokowi maruf dpan duduk krna status msih presiden prabowo sbagai menhan dongomuuu cokk,positive
pratikno menko pmk kabinet prabowo amat titip jokowi jaga gibran,pratikno menko pmk kabinet prabowo amat titip jokowi jaga gibran,negative
jokowi gibran kerja keluarga mulyono rakyat tonton gigit jari jabat orangorang lingkung keluarga jokowi cc,jokowi gibran kerja keluarga mulyono rakyat tonton gigit jari jabat orangorang lingkung keluarga jokowi,negative
gibran titip prabowo misi estafet kuasa jokowi dgn prabowo boneka  notabene prabowo untung krn syahwat orang nomor nyata sisa usia telpon teman ina blg pilih anies tp,gibran titip prabowo misi estafet kuasa jokowi dgn prabowo boneka notabene prabowo untung krn syahwat orang nomor nyata sisa usia telpon teman ina blg pilih anies,negative
temu menit jokowi prabowo gibran solo,temu menit jokowi prabowo gibran solo,negative
adakan temu prabowo muslim arbi jokowi jamin gibran turun jalan,adakan temu prabowo muslim arbi jokowi jamin gibran turun jalan,negative
just a reminder rakyat indonesia menang prabowogibran suka prabowo lanjut jokowi jokowi persepsi dukung ganjar ganjar prediksi menang jokowi dukung anies anies menang,just reminder rakyat indonesia menang prabowogibran suka prabowo lanjut jokowi jokowi persepsi dukung ganjar ganjar prediksi menang jokowi dukung anies anies menang,positive
jokowi gara gara sampean jd presiden gibran gara gara sampean tri asli ga daulat apa  bangga,jokowi gara gara sampean presiden gibran gara gara sampean tri asli daulat apa bangga,negative
capai presiden kurang miskin buah hasil gibran hots rp bisseck sterling beby,capai presiden kurang miskin buah hasil gibran hots bisseck sterling beby,negative
 penasaran erick thohir ketua timses prabowogibran ketua timses jokowimakruf amin pilpres kecewa pakdhe situ,penasaran erick thohir ketua timses prabowogibran ketua timses jokowimakruf amin pilpres kecewa pakdhe situ,negative
tweet,tweet,neutral
sm lucas udah kaya jokowi gibran,lucas udah kaya jokowi gibran,positive
terima kasih jokowi selamat tugas prabowo mas gibran,terima kasih jokowi selamat tugas prabowo mas gibran,positive
era pimpin presiden jokowi periode kenal emas bangun infrastruktur indonesia jokowi letak fondasi kuat cepat bangun sektor infrastruktur gibran hots rp bisseck,era pimpin presiden jokowi periode kenal emas bangun infrastruktur indonesia jokowi letak fondasi kuat cepat bangun sektor infrastruktur gibran hots bisseck,positive
gibran jokowi ulah koq point  tonjol gibran sikap gibran persekusi minoritas unggulcth larang diri gereja solo selesai dgn damai gereja yasmin bogor lbh pakdhe nga selesai,gibran jokowi ulah koq point tonjol gibran sikap gibran persekusi minoritas unggulcth larang diri gereja solo selesai dgn damai gereja yasmin bogor lbh pakdhe nga selesai,negative
viral jokowi pamer foto koran bahasa inggris isi artikel bahas mahkamah keluarga gibran,viral jokowi pamer foto koran bahasa inggris isi artikel bahas mahkamah keluarga gibran,neutral
kabar keluarga jokowi duga gratifikasi jet pribadi kaesang fufufafa gibran blok medan bobby nasution,kabar keluarga jokowi duga gratifikasi jet pribadi kaesang fufufafa gibran blok medan bobby nasution,neutral
didit putra prabowo kelas banding gibran putra jokowi fakta,didit putra prabowo kelas banding gibran putra jokowi fakta,neutral
motogp mandalika bain karna caper ken ngasih piala kualifikasi piala dunia timnas vs australia bain biar caper suporter peduli timnas gilir acara negara lantik ri kabur,motogp mandalika bain karna caper ken ngasih piala kualifikasi piala dunia timnas australia bain biar caper suporter peduli timnas gilir acara negara lantik kabur,negative
rq ayuaja kancil hasan ri nusantara binal endah dharmi lenny tweet,ayuaja kancil hasan nusantara binal endah dharmi lenny tweet,neutral
presiden joko widodo jokowi yakin indonesia salah superpower ekonomi china india,presiden joko widodo jokowi yakin indonesia salah superpower ekonomi china india,negative
jelang lengser jokowi copot menteri dukung koalisi prabowo gibran bentuk badan gizi nasional kantor komunikasi presiden komisioner kpk post power syndrome,jelang lengser jokowi copot menteri dukung koalisi prabowo gibran bentuk badan gizi nasional kantor komunikasi presiden komisioner kpk post power syndrome,neutral
pasu tanah jokowi salah kaprah gibran lambang negara,pasu tanah jokowi salah kaprah gibran lambang negara,negative
sekjen gerindra bocor kabinet prabowogibran menteri era jokowi insyaallah pdip,sekjen gerindra bocor kabinet prabowogibran menteri era jokowi insyaallah pdip,neutral
kabar keluarga jokowi duga gratifikasi jet pribadi kaesang fufufafa akun gibran blok medan bobby nasution,kabar keluarga jokowi duga gratifikasi jet pribadi kaesang fufufafa akun gibran blok medan bobby nasution,neutral
presiden joko widodo hotel fairmont kumpul kubu prabowogibran lepas kampanye akbar gbk sabtu malam,presiden joko widodo hotel fairmont kumpul kubu prabowogibran lepas kampanye akbar gbk sabtu malam,neutral
gibran baby nepo korban ambisi bapak  langgar uu injak konstitusi putus mk nyata mkmk langgar kode etik berat kpu jongos jokowi  lolos gibran bunyi hukum gibran sah wapres,gibran baby nepo korban ambisi bapak langgar injak konstitusi putus nyata mkmk langgar kode etik berat kpu jongos jokowi lolos gibran bunyi hukum gibran sah wapres,negative
indikasi udah bang dua hadir acara lantik oktober bagus gak hadir selesai urus intervensi nya,indikasi udah bang dua hadir acara lantik oktober bagus gak hadir selesai urus intervensi nya,neutral
mk nilai jokowi nepotisme calon gibran gue anak gue lawan capres silsilah jokowi,nilai jokowi nepotisme calon gibran gue anak gue lawan capres silsilah jokowi,negative
kabar keluarga jokowi duga gratifikasi jet pribadi kaesang fufufafa akun gibran blok medan bobby nasution you know sepet,kabar keluarga jokowi duga gratifikasi jet pribadi kaesang fufufafa akun gibran blok medan bobby nasution you know sepet,neutral
ratus jenderal tnipolri desak makzul jokowi diskualifikasi prabowogibran milu,ratus jenderal tnipolri desak makzul jokowi diskualifikasi prabowogibran milu,negative
pdip pecat gibran pecat bapak jokowi pdip kasihan banget,pdip pecat gibran pecat bapak jokowi pdip kasihan banget,negative
rawan jokowi tantang roy suryo bukti akun fufufafa milik gibran,rawan jokowi tantang roy suryo bukti akun fufufafa milik gibran,positive
presiden pilih prabowo subianto temu presiden jokowi solo prabowo jemput wapres pilih gibran rakabuming temu jokowi,presiden pilih prabowo subianto temu presiden jokowi solo prabowo jemput wapres pilih gibran rakabuming temu jokowi,negative
jokowi pulang solo prabowogibran lantik tidur,jokowi pulang solo prabowogibran lantik tidur,negative
jokowi ajak jan ethes jalan bareng prabowogibran hadir hut tni,jokowi ajak jan ethes jalan bareng prabowogibran hadir hut tni,positive
jokowi bapak gibran presiden rakyat indonesia turun derajat presiden bapak tweet bapak kaesang indonesia milik keluarga,jokowi bapak gibran presiden rakyat indonesia turun derajat presiden bapak tweet bapak kaesang indonesia milik keluarga,neutral
perintah jokowi bijak ambil dorong kembang umkm salah satu mudah kredit izin gibran hots rp bisseck,perintah jokowi bijak ambil dorong kembang umkm salah satu mudah kredit izin gibran hots bisseck,positive
jokowi bohong keren gibran mula bohong,jokowi bohong keren gibran mula bohong,negative
matahari pagi moga rezeki sungai al tsar umur baik emak amphilma yatimberjualan reqal alquran sajadah kiswah motif kain kabah gempa baim paula miftah vina diddy vadel agus arhan jokowi fufufafa marissa haque gibran raffi,matahari pagi moga rezeki sungai tsar umur baik emak amphilma yatimberjualan reqal alquran sajadah kiswah motif kain kabah gempa baim paula miftah vina diddy vadel agus arhan jokowi fufufafa marissa haque gibran raffi,positive
menteri sekretaris negara mensesneg laksana tugas plt sekretaris kabinet seskab pratikono isi posisi menko bidang,menteri sekretaris negara mensesneg laksana tugas plt sekretaris kabinet seskab pratikono isi posisi menko bidang,neutral
amp hati gibran sifat jebak dgn lempar luar paham banyak thdp istilah  msh non populer persis tpid amp unicorn tuju malu,amp hati gibran sifat jebak dgn lempar luar paham banyak thdp istilah msh non populer persis tpid amp unicorn tuju malu,negative
pasu tanah jokowi gibran lambang negara pakar hukum psikologi forensik linguistik,pasu tanah jokowi gibran lambang negara pakar hukum psikologi forensik linguistik,negative
baik klarifikasi krn berita udah mana vulgar udah uang mundur proyek aja nama pakai istana lokasi pilkada medan kampung lihat aja,baik klarifikasi krn berita udah mana vulgar udah uang mundur proyek aja nama pakai istana lokasi pilkada medan kampung lihat aja,neutral
tweet ps inismyname back veel suka moment,tweet inismyname back veel suka moment,neutral
buka topeng tunjuk ijazah ijazah smamu gak lucu ya gak november gibran anggap tuding ijazah palsu lucu,buka topeng tunjuk ijazah ijazah smamu gak lucu gak november gibran anggap tuding ijazah palsu lucu,negative
akhir th jabat rakyat tambah melarat putra tweet kerja wapres mudah menantu serta mapan jalan hidup,akhir jabat rakyat tambah melarat putra tweet kerja wapres mudah menantu serta mapan jalan hidup,positive
jokowi gibran hadir acara lantik presiden prabowo subianto,jokowi gibran hadir acara lantik presiden prabowo subianto,negative
jokowi caci maki x jokowi dieluelukan dunia nyata prabowo gibran dibully x prabowo gibran menang realcount kang emil dibully x kang emil unggul surveynya mas opini x real life kontradiktif,jokowi caci maki jokowi dieluelukan dunia nyata prabowo gibran dibully prabowo gibran menang realcount kang emil dibully kang emil unggul surveynya mas opini real life kontradiktif,negative
buah jatuh pohon indonesia dapet kualitas pimpin ya klen nilai ya skrg tambah kualitas wapresnya ya fufufafa bgst,buah jatuh pohon indonesia dapet kualitas pimpin klen nilai skrg tambah kualitas wapresnya fufufafa bgst,positive
klean reset otak kiri kanan sblm nerusin omon kosong klean udah provokasi demo darurat fufufafa mulyono jokowi tinggal gibran gak jd lantik satu gak laku akar rumput mending klean asah biji pake rambut si blek klean adu kyk,klean reset otak kiri kanan sblm nerusin omon kosong klean udah provokasi demo darurat fufufafa mulyono jokowi tinggal gibran gak lantik satu gak laku akar rumput mending klean asah biji pake rambut blek klean adu kyk,neutral
jokowi kabar tolak pdip gabung kabinet prabowogibran gerindra,jokowi kabar tolak pdip gabung kabinet prabowogibran gerindra,neutral
pesimis program makan gizi gratis simak jelas lengkap ya,pesimis program makan gizi gratis simak jelas lengkap,neutral
anak muda sempat dlm politik ttpi rintis karir politik dr proses  alami kapasitasampketerampilan pimpin tdk asah dgn tajam fenomena kaderisasi dlm partai politik,anak muda sempat dlm politik ttpi rintis karir politik proses alami kapasitasampketerampilan pimpin tdk asah dgn tajam fenomena kaderisasi dlm partai politik,positive
presiden jokowi kerja nyata perintah jokowi bangun infrastruktur hasil tingkat tumbuh ekonomi mingkatkan sejahtera masyarakat indonesia gibran hots rp bisseck,presiden jokowi kerja nyata perintah jokowi bangun infrastruktur hasil tingkat tumbuh ekonomi mingkatkan sejahtera masyarakat indonesia gibran hots bisseck,positive
prabowo pilih jokowi is practically nobody nggak partai pelan prabowo jaga jarak dg jokowi abai gibran pasar uang nervous dg spt,prabowo pilih jokowi practically nobody nggak partai pelan prabowo jaga jarak jokowi abai gibran pasar uang nervous spt,negative
presiden jokowi pasti proses transisi perintah presiden pilih prabowo subianto jalan bilang susun kabinet perintah prabowogibran hak prerogatif presiden pilih,presiden jokowi pasti proses transisi perintah presiden pilih prabowo subianto jalan bilang susun kabinet perintah prabowogibran hak prerogatif presiden pilih,negative
didu jokowi gibran  amanah gibran selesai walikota solo jokowi blm selesai gubernur dki ngaca narasi,didu jokowi gibran amanah gibran selesai walikota solo jokowi blm selesai gubernur dki ngaca narasi,positive
prabowogibran kerja oktober udah kontroversi ngawal cek edisi spesial bahas isu evaluasi jokowi moga bekal,prabowogibran kerja oktober udah kontroversi ngawal cek edisi spesial bahas isu evaluasi jokowi moga bekal,neutral
presiden jokowi masuk bentuk kabinet prabowo,presiden jokowi masuk bentuk kabinet prabowo,negative
gibran kaesang media darling wartawan suka liput berita tunggu masyarakat kyk jokowi dolo sma  kunjung gibran aja langsung jd trending topik buzzer spam taggar musuh bingung ga majikan usung,gibran kaesang media darling wartawan suka liput berita tunggu masyarakat kyk jokowi dolo sma kunjung gibran aja langsung trending topik buzzer spam taggar musuh bingung majikan usung,positive
sbg material kampanye debat pilpres tweet sedia juta lapang kerja kongres isei solo pekan aku hilang juta kerja akibat otomasi hrs siap rencana,sbg material kampanye debat pilpres tweet sedia juta lapang kerja kongres isei solo pekan aku hilang juta kerja akibat otomasi hrs siap rencana,neutral
tulis aja gibran rakabuming raka bin jokowi kalo emang segitu mau ketawa takut alat negara cuy golkar mekanisme usul tambah jokowi nama gibran,tulis aja gibran rakabuming raka bin jokowi kalo emang segitu mau ketawa takut alat negara cuy golkar mekanisme usul tambah jokowi nama gibran,negative
tweet alahhh pas kampanye kemarin emang dukung prabowo caci maki bully opa ulik prabobro jahat ham udah saking stressnya aja gak tau ngapa,tweet alahhh pas kampanye kemarin emang dukung prabowo caci maki bully opa ulik prabobro jahat ham udah saking stressnya aja gak tau ngapa,negative
jokowi bilang hadir lantik prabowo senayan milih gak hadir lantik presiden pilih seh malu krn prosesi calon gibran nabrak atur ya,jokowi bilang hadir lantik prabowo senayan milih gak hadir lantik presiden pilih seh malu krn prosesi calon gibran nabrak atur,negative
pasu tanah jokowi lapor roy suryo bareskrim fufufafa gibran,pasu tanah jokowi lapor roy suryo bareskrim fufufafa gibran,negative
mas aw buka publik salut pada mas turut jokowi prabowogibran menang psi masuk parlemen tiga suara pdip turun milu,mas buka publik salut pada mas turut jokowi prabowogibran menang psi masuk parlemen tiga suara pdip turun milu,negative
harap nkri rakyat gibran jabat wapres buah jatuh pohon kedzaliman dungu amp cawenya gibran lebih jokowi,harap nkri rakyat gibran jabat wapres buah jatuh pohon kedzaliman dungu amp cawenya gibran lebih jokowi,negative
civitas academica uii yogyakarta sebut calon gibran cawapres indikator utama pudar kenegarawanan jokowi,civitas academica uii yogyakarta sebut calon gibran cawapres indikator utama pudar kenegarawanan jokowi,negative
